Frame,X,Y,Color
0,425,239,Red
1,241,289,White
1,129,283,Black
1,221,239,Black
1,249,186,Black
1,188,151,Black
2,232,298,White
2,176,277,Black
2,214,260,Black
2,108,306,Black
2,196,227,Black
2,151,226,Black
2,264,213,White
2,215,201,Black
2,211,175,Black
2,256,178,White
2,175,155,Black
3,202,273,Black
3,125,262,Black
3,85,329,Black
3,188,236,Black
3,141,235,Black
3,258,218,White
3,204,178,Black
3,252,186,White
3,172,162,Black
4,196,284,White
4,99,272,Blue
4,66,344,Black
4,222,245,Black
4,124,246,Black
4,253,223,Black
4,196,184,Black
4,245,187,White
4,163,163,Black
5,187,295,White
5,82,282,White
5,54,364,Black
5,161,260,Black
5,109,257,Black
5,245,229,White
5,238,192,White
5,166,171,Black
6,174,305,White
6,64,295,White
6,47,386,Black
6,92,266,Black
6,180,193,Black
6,237,216,White
6,151,170,Black
7,55,447,Black
7,126,323,Black
7,38,316,White
7,155,313,Black
7,18,361,Black
7,64,284,Black
7,196,270,Black
7,138,274,Black
7,234,241,Black
7,171,198,Black
7,227,206,White
7,145,173,Black
8,21,473,Black
8,7,458,Black
8,108,456,Black
8,11,427,Black
8,15,401,Black
8,8,377,Black
8,109,337,Black
8,20,333,Black
8,141,323,Black
8,37,301,Black
8,185,280,Black
8,124,277,Black
8,93,272,Black
8,162,203,Black
8,219,211,White
8,138,177,Black
9,100,473,Black
9,101,343,Black
9,20,317,Black
9,174,291,Black
9,107,286,Black
9,76,285,Black
9,150,210,Black
9,210,217,White
9,130,177,Black
10,83,361,Black
10,9,331,Black
10,89,299,Black
10,164,302,Black
10,57,297,Black
10,202,243,White
10,142,215,Black
10,200,210,White
10,128,180,Black
11,11,431,Black
11,57,381,Black
11,69,314,Black
11,31,313,Black
11,154,312,Black
11,193,252,White
11,131,222,Black
11,191,218,White
11,121,181,Black
12,117,403,Red
12,33,402,Black
12,44,333,Black
12,8,331,Black
12,134,330,Black
12,168,286,White
12,182,264,White
12,118,233,Black
12,181,226,White
12,111,187,Black
13,25,470,Black
13,25,415,Black
13,18,353,Black
13,117,346,Black
13,156,298,White
13,170,274,White
13,137,259,Black
13,167,238,White
13,102,242,Black
13,117,173,Blue
13,97,191,Blue
14,8,451,Black
14,99,364,Black
14,143,310,White
14,157,286,White
14,118,268,Black
14,83,248,Black
14,152,245,Red
14,88,192,Blue
15,66,469,White
15,138,442,Red
15,77,384,Black
15,143,297,White
15,64,261,Black
15,138,257,White
15,82,197,Black
16,116,473,Black
16,54,407,Black
16,131,311,White
16,45,277,Black
16,125,262,White
16,73,202,Black
17,31,429,Black
17,123,315,White
17,23,288,Black
17,108,273,White
17,138,258,White
17,61,208,Black
18,16,449,Black
18,13,305,Black
18,90,291,White
18,123,263,White
18,47,212,Black
18,262,119,Black
19,154,435,Red
19,15,389,Black
19,9,311,Black
19,104,273,White
19,36,217,Black
20,123,465,Black
20,35,388,White
20,90,291,White
20,34,222,Black
20,259,121,Black
21,27,228,Black
21,260,125,Black
22,22,236,Black
22,257,126,Black
23,21,246,Black
23,254,126,Black
24,20,258,Black
24,253,127,Black
25,847,449,Green
25,14,262,Black
25,250,128,Black
26,839,413,Black
26,8,269,Black
26,244,128,Black
27,829,392,Black
27,245,131,Black
28,819,377,Black
28,239,131,Black
29,811,365,Black
29,238,132,Black
30,803,352,Black
30,236,134,Black
31,795,339,Black
31,233,136,Black
32,783,325,Black
32,230,136,Black
33,774,314,Black
33,226,138,Black
34,763,303,Black
34,224,139,Black
35,752,292,Black
35,219,142,Black
35,338,95,Black
36,778,465,Black
36,738,281,Black
36,216,143,Black
37,764,450,Black
37,725,271,Black
37,212,144,Black
37,336,95,Black
38,751,437,Black
38,711,260,Black
38,204,146,Black
38,343,98,Black
39,739,425,Black
39,700,251,Black
39,196,146,Blue
39,335,96,Black
40,732,415,Black
40,688,242,Black
40,191,149,Blue
40,341,98,Black
41,721,397,Black
41,678,235,Black
41,184,150,Blue
41,338,98,Black
42,701,373,Black
42,667,227,Black
42,180,154,Black
42,339,100,Black
43,684,351,Black
43,659,221,Black
43,172,157,Black
43,332,98,Black
44,667,333,Black
44,651,215,Black
44,167,160,Black
44,332,99,Black
45,652,315,Black
45,643,209,Black
45,161,162,Black
45,330,99,Black
46,641,300,Black
46,636,204,Black
46,155,166,Black
46,328,100,Black
47,629,286,Black
47,845,237,Black
47,629,198,Black
47,148,169,Black
47,328,100,Black
48,618,275,Black
48,839,232,Black
48,622,193,Black
48,140,173,Black
48,326,101,Black
49,607,264,Black
49,833,227,Black
49,615,188,Black
49,136,176,Black
49,329,102,Black
50,596,303,White
50,828,222,Black
50,128,179,Black
50,604,227,Black
50,329,103,Black
50,394,97,Black
51,822,218,Black
51,121,183,Black
51,597,220,Black
51,328,103,Black
51,394,98,Black
52,817,214,Black
52,113,187,Black
52,591,214,Black
52,329,104,Black
52,393,98,Black
52,367,95,Black
53,811,210,Black
53,103,191,Black
53,585,207,Black
53,323,104,Black
53,366,96,Black
54,805,207,Black
54,96,195,Black
54,579,201,Black
54,326,106,Black
54,392,100,Black
55,84,200,Black
55,796,204,Black
55,576,196,Black
55,326,106,Black
55,391,100,Black
56,74,204,Black
56,788,200,Black
56,570,190,Black
56,325,107,Black
56,391,101,Black
56,364,98,Black
57,62,209,Black
57,780,196,Black
57,566,185,Black
57,324,108,Black
57,390,102,Black
57,363,100,Black
58,49,215,Black
58,771,192,Black
58,563,181,Black
58,323,108,Black
58,390,102,Black
58,361,100,Black
59,40,219,Black
59,760,188,Black
59,559,177,Black
59,389,103,Black
59,321,109,Black
59,361,100,Black
60,33,225,Black
60,751,184,Black
60,554,174,Black
60,321,110,Black
60,389,104,Black
60,361,100,Black
61,26,231,Black
61,742,180,Black
61,552,170,Black
61,319,112,Black
61,387,105,Black
61,360,100,Black
62,21,237,Black
62,734,177,Black
62,549,167,Black
62,319,113,Black
62,372,104,Black
63,14,246,Black
63,727,174,Black
63,545,164,Black
63,316,113,Black
63,372,105,Black
64,11,259,Black
64,718,171,Black
64,542,160,Black
64,315,115,Black
64,386,108,Black
64,358,103,Black
65,5,269,Black
65,713,168,Black
65,540,157,Black
65,312,115,Black
65,370,106,Black
66,706,165,Black
66,537,154,Black
66,311,117,Black
66,370,107,Black
67,699,162,Black
67,534,153,Black
67,304,117,Black
67,368,108,Black
68,693,160,Black
68,532,152,Black
68,302,117,Black
68,367,109,Black
69,687,157,Black
69,529,150,Black
69,299,118,Black
69,366,110,Black
70,682,155,Black
70,526,149,Black
70,298,119,Black
70,366,111,Black
71,677,152,Black
71,524,147,Black
71,296,120,Black
71,366,112,Black
72,671,150,Black
72,522,144,Black
72,294,121,Black
72,365,113,Black
73,666,147,Black
73,511,146,Black
73,292,122,Black
73,364,114,Black
74,661,145,Black
74,510,144,Black
74,291,124,Black
74,363,115,Black
75,656,143,Black
75,508,141,Black
75,288,124,Black
75,362,116,Black
76,652,141,Black
76,507,139,Black
76,284,124,Black
76,360,117,Black
77,648,139,Black
77,505,136,Black
77,282,126,Black
77,360,118,Black
78,644,137,Black
78,505,133,Black
78,280,127,Black
78,359,119,Black
79,640,135,Black
79,277,129,Black
79,504,131,Black
79,358,120,Black
80,637,134,Black
80,275,129,Black
80,502,129,Black
80,357,122,Black
81,633,132,Black
81,502,128,Black
81,272,131,Black
81,354,122,Black
82,629,130,Black
82,269,132,Black
82,501,126,Black
82,353,124,Black
83,626,129,Black
83,265,133,Black
83,500,124,Black
83,352,125,Black
84,262,135,Black
84,624,127,Black
84,498,123,Black
84,349,127,Black
85,259,137,Black
85,620,126,Black
85,347,129,Black
85,499,121,Black
86,257,139,Black
86,617,124,Black
86,346,130,Black
86,498,118,Black
87,253,140,Black
87,345,132,Black
87,614,123,Black
87,496,117,Black
88,250,142,Black
88,343,134,Black
88,611,121,Black
88,496,116,Black
89,247,144,Black
89,341,135,Black
89,605,119,Black
89,496,115,Black
90,242,145,Black
90,340,138,Black
90,488,117,Black
90,605,119,Black
90,508,107,Black
91,239,147,Black
91,338,139,Black
91,484,113,Black
91,602,117,Black
91,506,105,Black
92,234,150,Black
92,337,142,Black
92,600,116,Black
92,506,107,Black
93,273,164,White
93,225,151,Black
93,334,144,Black
93,599,116,Black
93,503,104,Black
94,269,166,Blue
94,220,154,Black
94,333,147,Black
94,597,114,Black
94,505,104,Black
95,272,168,White
95,218,159,Black
95,330,149,Black
95,592,113,Black
96,215,163,Black
96,328,152,Black
96,591,112,Black
96,504,101,Black
97,169,152,Black
97,210,169,Black
97,325,155,Black
97,588,110,Black
98,166,155,Black
98,207,171,Black
98,322,158,Black
98,588,110,Black
99,195,175,Black
99,319,161,Black
99,586,109,Black
100,190,177,Black
100,316,164,Black
100,585,108,Black
101,184,181,Black
101,314,169,Black
101,583,106,Black
102,177,182,Black
102,312,173,Black
102,580,103,Black
103,171,187,Black
103,307,176,Black
103,577,102,Black
104,163,191,Black
104,304,181,Black
104,574,100,Black
105,154,196,Black
105,300,185,Black
106,144,200,Black
106,296,191,Black
107,134,204,Black
107,291,196,Black
108,125,210,Black
108,290,203,Black
109,113,218,Black
109,289,212,Black
110,294,230,Black
110,101,224,Black
110,241,185,Black
111,88,231,Black
111,278,229,Black
112,290,254,Black
112,244,221,Black
112,74,239,Black
112,223,193,Black
112,556,96,Black
113,195,239,Black
113,283,265,Black
113,242,224,Black
113,214,201,Black
113,62,245,Black
114,190,249,Black
114,274,279,Black
114,234,231,Black
114,205,206,Black
114,53,253,Black
115,263,293,Black
115,216,247,Black
115,45,261,Black
115,197,213,Black
116,252,309,Black
116,206,257,Black
116,183,221,Black
116,37,269,Black
117,239,330,Black
117,177,277,Black
117,216,247,Black
117,174,229,Black
117,30,280,Black
117,549,97,Black
118,297,357,Black
118,214,352,Black
118,156,292,Black
118,198,261,Black
118,23,293,Black
118,159,238,Black
118,549,96,Black
119,23,341,Black
119,204,381,Black
119,152,303,Black
119,199,263,Black
119,10,248,Black
119,144,250,Black
120,15,354,Black
120,133,326,Black
120,84,324,Black
120,188,410,Black
120,164,293,Black
120,188,274,Black
120,9,254,Black
120,126,274,Black
120,124,241,Black
120,100,41,Blue
121,255,444,Black
121,8,366,Black
121,160,422,Black
121,80,346,Black
121,176,287,Black
121,107,275,Black
122,245,459,Black
122,148,435,Black
122,48,351,Black
122,49,368,Black
122,162,298,Black
122,83,290,Black
123,129,448,Black
123,40,396,Black
123,24,371,Black
123,179,356,White
123,135,318,Black
123,61,306,Black
124,106,459,Black
124,70,426,Blue
124,70,384,Black
124,171,367,White
124,123,335,Black
124,37,343,Black
124,541,95,Black
125,30,466,Blue
125,5,458,Blue
125,11,430,Black
125,51,400,Black
125,152,390,Red
125,102,356,Black
125,34,333,Black
126,74,474,Black
126,118,431,Black
126,32,417,Black
126,77,378,Black
126,28,343,Black
127,97,455,Blue
127,11,435,Black
127,46,405,Black
127,28,368,Black
127,4,333,Black
128,76,475,Black
128,50,378,White
128,16,398,Black
129,18,416,White
134,67,41,Blue
135,65,41,Blue
136,63,41,Blue
140,53,41,Blue
141,54,42,Black
142,51,42,Black
143,344,95,Black
143,51,42,Black
144,779,463,Black
144,343,95,Black
144,49,44,Black
145,762,447,Black
145,343,96,Black
145,49,43,Black
146,749,433,Black
146,342,96,Black
146,47,43,Black
147,738,421,Black
147,341,96,Black
148,730,411,Black
148,340,97,Black
149,721,394,Black
149,339,97,Black
150,705,371,Black
150,338,98,Black
151,684,347,Black
151,336,99,Black
152,667,328,Black
152,337,100,Black
153,652,311,Black
153,335,100,Black
153,17,41,Blue
154,638,295,Black
154,335,101,Black
155,625,281,Black
155,333,102,Black
156,614,268,Black
156,332,102,Black
157,605,258,Black
157,331,103,Black
158,843,241,Black
158,596,247,Black
158,330,104,Black
159,838,237,Black
159,588,239,Black
159,329,104,Black
160,833,231,Black
160,581,230,Black
160,327,105,Black
161,827,226,Black
161,573,223,Black
161,326,106,Black
161,136,46,White
162,822,222,Black
162,568,216,Black
162,325,107,Black
163,817,217,Black
163,561,209,Black
163,324,108,Black
164,808,213,Black
164,556,203,Black
164,322,108,Black
165,799,209,Black
165,552,198,Black
165,320,110,Black
165,127,46,White
166,789,204,Black
166,547,192,Black
166,321,111,Black
166,124,46,White
167,781,201,Black
167,542,187,Black
167,318,112,Black
167,124,47,White
168,771,196,Black
168,539,183,Black
168,317,114,Black
168,122,47,White
169,757,191,Black
169,535,178,Black
169,315,114,Black
169,121,46,White
170,839,291,Black
170,748,187,Black
170,532,174,Black
170,312,115,Black
170,120,46,White
171,830,281,Black
171,739,184,Black
171,529,171,Black
171,311,116,Black
172,823,273,Black
172,731,180,Black
172,525,166,Black
172,310,116,Black
172,116,46,White
173,817,266,Black
173,726,178,Black
173,522,164,Black
173,308,117,Black
173,117,47,White
174,810,259,Black
174,717,174,Black
174,520,161,Black
174,307,118,Black
174,112,46,White
175,801,252,Black
175,707,170,Black
175,518,158,Black
175,306,119,Black
175,111,46,White
176,793,246,Black
176,702,168,Black
176,515,155,Black
176,303,120,Black
176,109,46,White
177,782,239,Black
177,695,165,Black
177,512,152,Black
177,302,121,Black
177,109,45,White
178,772,233,Black
178,691,164,Black
178,510,149,Black
178,300,122,Black
178,108,45,White
179,760,226,Black
179,683,160,Black
179,508,147,Black
179,297,124,Black
180,747,219,Black
180,679,157,Black
180,506,145,Black
180,296,125,Black
180,103,46,White
181,734,212,Black
181,672,155,Black
181,504,143,Black
181,294,126,Black
181,102,46,White
182,724,207,Black
182,668,153,Black
182,503,140,Black
182,291,127,Black
183,712,201,Black
183,663,151,Black
183,500,138,Black
183,288,129,Black
183,99,46,White
184,697,188,Black
184,499,136,Black
184,285,130,Black
184,97,46,White
185,686,183,Black
185,498,135,Black
185,283,131,Black
185,95,46,White
186,679,179,Black
186,496,133,Black
186,279,133,Black
186,93,46,White
187,671,176,Black
187,277,134,Black
187,494,131,Black
188,664,171,Black
188,272,135,Black
188,492,130,Black
188,89,45,White
189,659,169,Black
189,269,137,Black
189,491,128,Black
189,87,45,White
190,652,165,Black
190,267,139,Black
190,491,127,Black
191,645,162,Black
191,265,141,Black
191,489,126,Black
191,83,46,White
192,262,143,Black
192,640,160,Black
192,490,125,Black
193,258,144,Black
193,637,158,Black
193,488,124,Black
193,78,45,White
194,672,170,Blue
194,254,146,Black
194,626,153,Black
194,487,123,Black
195,250,149,Black
195,626,153,Black
195,486,122,Black
195,73,45,White
196,247,151,Black
196,622,150,Black
196,487,122,Black
196,73,45,White
197,243,153,Black
197,618,148,Black
197,484,121,Black
197,69,45,White
198,238,155,Black
198,485,121,Black
198,614,146,Black
198,65,45,White
199,233,157,Black
199,609,144,Black
200,225,160,Black
200,605,142,Black
200,63,45,White
201,220,162,Black
201,601,139,Black
201,61,45,White
202,214,165,Black
202,598,138,Black
203,209,169,Black
203,595,136,Black
203,55,46,White
204,235,181,Blue
204,200,173,Black
204,588,133,Black
205,198,177,Black
205,585,131,Black
205,54,45,White
206,191,180,Black
206,582,129,Black
206,51,45,White
207,184,184,Black
207,577,128,Black
207,49,45,White
208,177,188,Black
208,577,126,Black
209,169,192,Black
209,573,125,Black
210,160,197,Black
210,572,124,Black
211,160,197,Black
211,572,124,Black
211,367,97,Black
212,151,202,Black
212,569,123,Black
213,141,207,Black
213,565,123,Black
214,129,212,Black
214,564,121,Black
215,116,219,Black
215,562,120,Black
215,365,100,Black
216,104,225,Black
216,558,120,Black
216,364,101,Black
217,91,234,Black
217,556,119,Black
217,363,101,Black
218,77,241,Black
218,556,117,Black
218,363,102,Black
219,62,250,Black
219,553,116,Black
219,362,102,Black
220,51,258,Black
220,552,115,Black
220,361,103,Black
221,41,266,Black
221,550,113,Black
221,360,103,Black
221,11,46,White
222,33,276,Black
222,548,113,Black
222,359,103,Black
222,8,46,White
223,27,287,Black
223,545,111,Black
223,358,105,Black
224,19,303,Black
224,545,111,Black
224,357,105,Black
224,5,46,White
225,13,327,Black
225,545,110,Black
225,356,106,Black
225,5,46,White
226,6,339,Black
226,543,110,Black
226,355,106,Black
226,7,46,White
227,354,107,Black
227,541,109,Black
227,7,47,Blue
228,353,108,Black
228,540,108,Black
228,7,46,Blue
229,352,109,Black
229,537,107,Black
229,374,92,Black
230,351,110,Black
230,535,106,Black
231,350,111,Black
231,532,106,Black
231,375,93,Black
232,351,112,Black
232,533,105,Black
232,375,94,Black
233,349,113,Black
233,533,105,Black
233,374,94,Black
234,348,114,Black
234,531,104,Black
234,374,95,Black
235,347,115,Black
235,527,103,Black
235,373,95,Black
236,345,116,Black
236,529,103,Black
236,372,95,Black
237,345,118,Black
237,528,102,Black
237,372,96,Black
238,343,119,Black
238,527,101,Black
238,372,97,Black
239,341,119,Black
239,523,101,Black
239,371,98,Black
240,340,120,Black
240,525,100,Black
240,370,98,Black
241,339,122,Black
241,521,100,Black
241,370,98,Black
242,338,123,Black
242,519,99,Black
242,368,98,Black
243,337,124,Black
243,519,98,Black
243,367,98,Black
244,336,125,Black
244,519,98,Black
244,366,99,Black
245,335,127,Black
245,364,99,Black
245,519,97,Black
246,333,128,Black
246,365,101,Black
246,521,98,Black
247,330,129,Black
247,362,100,Black
247,514,96,Black
248,329,130,Black
248,364,102,Black
248,513,96,Black
249,327,132,Black
249,361,102,Black
249,512,95,Black
250,326,133,Black
250,360,102,Black
250,512,95,Black
251,323,135,Black
251,359,103,Black
251,511,94,Black
252,322,136,Black
252,359,104,Black
252,510,95,Black
253,320,138,Black
253,360,106,Black
254,317,139,Black
254,357,105,Black
255,315,141,Black
255,355,105,Black
256,314,143,Black
256,355,106,Black
256,512,93,Black
257,311,145,Black
257,354,107,Black
257,510,93,Black
258,310,147,Black
258,352,107,Black
259,307,149,Black
259,352,108,Black
260,304,151,Black
260,351,110,Black
261,301,154,Black
261,348,108,Black
262,298,156,Black
262,350,113,Black
263,295,159,Black
263,300,107,Black
263,350,114,Black
264,292,162,Black
264,346,113,Black
265,288,165,Black
265,296,109,Black
265,345,115,Black
266,285,167,Black
266,295,110,Black
266,346,117,Black
267,280,170,Black
267,293,110,Black
267,344,117,Black
268,277,174,Black
268,291,111,Black
268,343,118,Black
269,274,178,Black
269,290,112,Black
269,342,120,Black
270,269,181,Black
270,288,112,Black
270,340,121,Black
270,373,95,Black
271,266,185,Black
271,287,113,Black
271,337,121,Black
272,261,189,Black
272,284,112,Black
272,336,121,Black
273,258,191,Black
273,283,114,Black
273,336,125,Black
274,252,196,Black
274,280,113,Black
274,334,123,Black
275,206,217,Red
275,247,200,Black
275,278,114,Black
275,332,126,Black
275,370,96,Black
276,242,204,Black
276,276,117,Black
276,330,126,Black
276,370,97,Black
277,233,209,Black
277,274,116,Black
277,329,129,Black
277,369,98,Black
278,844,434,Black
278,219,216,Black
278,272,117,Black
278,327,130,Black
278,367,97,Black
279,832,411,White
279,238,227,Black
279,202,215,Black
279,270,118,Black
279,325,131,Black
279,367,97,Black
280,823,394,White
280,199,231,Black
280,268,120,Black
280,323,132,Black
280,367,99,Black
281,813,381,White
281,190,239,Black
281,266,121,Black
281,321,135,Black
281,366,100,Black
282,805,369,White
282,177,249,Black
282,264,121,Black
282,319,137,Black
282,365,99,Black
283,795,353,White
283,168,255,Black
283,261,123,Black
283,317,139,Black
283,364,100,Black
284,782,339,White
284,157,269,Black
284,258,124,Black
284,314,141,Black
284,363,100,Black
285,771,326,Blue
285,150,276,Black
285,256,124,Black
285,312,143,Black
285,362,101,Black
286,756,311,Blue
286,130,291,Black
286,253,125,Black
286,310,147,Black
286,362,101,Black
287,738,297,Blue
287,110,305,Black
287,251,127,Black
287,307,148,Black
287,361,102,Black
288,159,330,Blue
288,46,292,White
288,87,323,Black
288,722,284,Blue
288,304,157,Black
288,247,128,Black
288,304,121,Black
288,360,103,Black
289,129,365,Black
289,68,339,Black
289,708,273,Blue
289,300,160,Black
289,245,130,Black
289,302,121,Black
289,359,103,Black
290,112,386,Black
290,133,369,Black
290,56,351,Black
290,695,262,Blue
290,297,163,Black
290,241,130,Black
290,300,122,Black
290,358,104,Black
291,84,415,Black
291,49,369,Black
291,24,306,Black
291,683,252,Blue
291,294,166,Black
291,238,132,Black
291,299,123,Black
291,357,104,Black
292,40,455,Black
292,81,423,Black
292,37,380,Black
292,672,244,Blue
292,290,169,Black
292,234,133,Black
292,297,124,Black
292,357,105,Black
293,57,447,Black
293,26,394,Black
293,660,235,Blue
293,286,173,Black
293,231,134,Black
293,293,126,Black
293,355,105,Black
294,42,460,Black
294,15,417,Black
294,651,227,Blue
294,283,176,Black
294,228,136,Black
294,292,128,Black
294,354,106,Black
295,26,470,Black
295,7,454,Black
295,643,220,Blue
295,278,181,Black
295,225,137,Black
295,290,129,Black
295,354,107,Black
295,16,42,Blue
296,635,214,Blue
296,274,185,Black
296,221,139,Black
296,286,129,Black
296,353,108,Black
297,629,208,Blue
297,271,189,Black
297,217,141,Black
297,283,130,Black
297,352,109,Black
298,623,202,Blue
298,267,193,Black
298,212,142,Black
298,280,132,Black
298,350,109,Black
299,615,197,Blue
299,261,197,Black
299,209,144,Black
299,278,133,Black
299,350,110,Black
300,609,192,Blue
300,256,202,Black
300,205,145,Black
300,275,135,Black
300,349,111,Black
301,249,204,Black
301,603,187,Blue
301,199,147,Black
301,273,136,Black
301,348,112,Black
302,197,239,Black
302,286,228,White
302,230,204,Black
302,597,183,Blue
302,195,149,Black
302,270,138,Black
302,347,113,Black
303,224,242,Black
303,190,246,Black
303,278,237,White
303,217,204,Black
303,594,178,Blue
303,189,151,Black
303,267,141,Black
303,345,114,Black
304,272,245,White
304,201,232,Black
304,235,198,Black
304,588,174,Blue
304,183,154,Black
304,262,142,Black
304,343,114,Black
305,266,254,Blue
305,194,236,Black
305,584,171,Blue
305,177,156,Black
305,261,144,Black
305,342,115,Black
306,260,262,White
306,179,246,Black
306,579,168,Blue
306,171,159,Black
306,256,147,Black
306,342,117,Black
307,254,273,White
307,190,273,Black
307,160,255,Black
307,574,164,Blue
307,165,161,Black
307,252,149,Black
307,339,118,Black
308,247,287,White
308,181,283,Black
308,154,254,Black
308,570,162,Blue
308,159,164,Black
308,247,153,Black
308,339,120,Black
309,233,303,White
309,137,282,Black
309,153,167,Black
309,567,159,Blue
309,243,155,Black
309,336,121,Black
310,208,327,Black
310,106,304,Black
310,145,171,Black
310,565,156,Blue
310,237,157,Black
310,336,123,Black
311,104,329,Black
311,268,168,White
311,138,174,Black
311,229,159,Black
311,561,154,White
311,335,125,Black
312,107,408,Black
312,84,349,Black
312,266,172,White
312,131,178,Black
312,223,163,Black
312,558,152,Blue
312,333,127,Black
313,133,399,Black
313,48,361,Black
313,123,292,Black
313,262,175,White
313,122,182,Black
313,219,166,Black
313,556,150,White
313,331,129,Black
314,112,424,Black
314,15,308,Blue
314,46,366,Black
314,113,186,Black
314,214,170,Black
314,552,148,Blue
314,330,131,Black
315,102,439,Black
315,38,375,Black
315,104,190,Black
315,211,176,Black
315,549,146,Blue
315,328,132,Black
316,90,450,Black
316,28,387,Black
316,94,195,Black
316,201,180,Black
316,546,145,Blue
316,326,135,Black
317,66,466,Black
317,23,397,Black
317,83,199,Black
317,196,183,Black
317,546,146,Black
317,323,136,Black
318,13,422,White
318,71,204,Black
318,189,188,Black
318,544,143,Black
318,321,138,Black
319,58,209,Black
319,182,193,Black
319,541,139,Blue
319,319,140,Black
320,44,215,Black
320,173,198,Black
320,537,139,Black
320,317,142,Black
321,36,219,Black
321,164,203,Black
321,535,138,Black
321,314,144,Black
322,29,224,Black
322,154,208,Black
322,312,147,Black
322,533,134,Blue
323,22,229,Black
323,146,213,Black
323,309,149,Black
323,532,136,Black
324,16,236,Black
324,133,220,Black
324,306,152,Black
324,528,133,Black
325,11,245,Black
325,121,228,Black
325,303,154,Black
326,8,259,Black
326,107,235,Black
326,300,157,Black
326,526,129,Black
327,93,244,Black
327,297,160,Black
327,529,131,Black
328,76,253,Black
328,293,163,Black
328,523,126,Black
329,63,263,Black
329,290,167,Black
329,519,125,Black
330,53,272,Black
330,286,170,Black
330,516,121,Blue
331,43,284,Black
331,281,174,Black
331,515,119,Blue
331,339,98,Black
332,35,296,Black
332,278,178,Black
332,513,120,Blue
333,27,312,Black
333,273,182,Black
333,512,118,Blue
334,844,417,Black
334,22,336,Black
334,845,245,Black
334,269,186,Black
334,513,118,Blue
334,335,98,Black
335,834,398,Black
335,15,357,Black
335,838,247,Black
335,841,228,Black
335,268,190,Black
335,511,117,Black
335,333,102,Black
336,6,374,Black
336,823,383,Black
336,833,241,Black
336,839,217,Black
336,262,194,Black
336,511,116,Blue
337,814,370,Black
337,833,226,Black
337,253,199,Black
337,510,114,Blue
337,332,101,Black
338,805,355,Black
338,829,222,Black
338,246,203,Black
338,329,104,Black
339,795,341,Black
339,286,221,White
339,821,218,Black
339,230,203,Black
340,783,329,Black
340,283,229,White
340,811,213,Black
340,219,215,Black
340,328,104,Black
341,772,316,Black
341,190,252,Black
341,222,243,Black
341,275,238,White
341,213,210,Black
341,799,208,Black
341,325,106,Black
342,756,303,Black
342,266,248,White
342,201,230,Black
342,788,203,Black
342,325,104,Black
343,738,289,Black
343,259,256,White
343,186,237,Black
343,777,198,Black
343,323,107,Black
343,50,42,Blue
344,253,264,White
344,725,279,Black
344,215,249,Black
344,170,250,Black
344,764,193,Black
344,321,108,Black
344,49,42,Blue
345,246,275,White
345,710,268,Black
345,156,257,Black
345,753,188,Black
345,321,109,Black
345,48,43,Blue
346,116,313,Black
346,237,288,White
346,698,258,Black
346,153,255,Black
346,740,184,Black
346,320,109,Black
346,46,42,Blue
347,226,304,White
347,123,283,Black
347,686,249,Black
347,733,180,Black
347,318,110,Black
347,45,42,Blue
348,162,348,Black
348,208,323,Black
348,100,303,Black
348,676,241,Black
348,723,177,Black
348,317,112,Black
348,43,42,Blue
349,173,350,Black
349,99,257,White
349,80,327,Black
349,665,234,Black
349,715,173,Black
349,314,115,Black
350,95,407,Black
350,159,365,Black
350,57,348,Black
350,117,269,Black
350,655,227,Black
350,709,170,Black
350,313,113,Black
350,40,42,Blue
351,125,396,Black
351,113,299,Black
351,41,292,White
351,50,360,Black
351,646,220,Black
351,702,166,Black
351,312,114,Black
352,100,424,Black
352,44,371,Black
352,18,305,White
352,638,214,Black
352,696,163,Black
352,308,116,Black
353,88,441,Black
353,33,381,Black
353,632,209,Black
353,689,161,Black
353,306,118,Black
354,75,452,Black
354,22,395,Black
354,626,203,Black
354,683,158,Black
354,305,120,Black
355,51,467,Black
355,62,377,White
355,10,419,Black
355,620,198,Black
355,678,155,Black
355,304,119,Black
356,10,425,White
356,614,194,Black
356,671,152,Black
356,303,126,Black
356,298,111,Black
357,608,189,Black
357,665,149,Black
357,298,122,Black
358,602,185,Black
358,659,147,Black
358,298,123,Black
359,597,181,Black
359,655,145,Black
359,295,125,Black
360,593,178,Black
360,650,143,Black
360,295,132,Black
360,286,117,Blue
361,588,174,Black
361,646,141,Black
361,289,127,Black
361,12,44,White
362,584,170,Black
362,641,139,Black
362,287,130,Black
362,11,44,White
363,579,167,Black
363,639,138,Black
363,285,132,Black
363,9,44,White
364,574,164,Black
364,632,135,Black
364,280,132,Black
365,571,161,Black
365,630,134,Black
365,278,133,Black
366,568,158,Black
366,625,132,Black
366,275,134,Black
367,566,156,Black
367,621,131,Black
367,272,137,Black
368,563,154,Black
368,618,130,Black
368,270,138,Black
369,560,151,Black
369,266,140,Black
369,616,128,Black
370,269,150,Black
370,557,150,Black
370,256,132,Black
370,612,128,Black
371,554,147,Black
371,259,144,Black
371,610,126,Black
372,551,145,Black
372,255,146,Black
372,605,125,Black
373,549,143,Black
373,252,149,Black
373,604,123,Black
374,546,141,Black
374,247,152,Black
374,601,122,Black
375,242,153,Black
375,544,140,Black
375,598,122,Black
376,236,156,Black
376,542,138,Black
376,595,119,Black
377,233,160,Black
377,538,136,Black
377,592,118,Black
378,266,170,White
378,223,171,Black
378,218,149,Blue
378,537,135,Black
378,590,117,Black
379,262,173,White
379,215,165,Black
379,536,134,Black
380,845,303,Black
380,210,169,Black
380,533,132,Black
381,844,426,Black
381,835,295,Black
381,208,174,Black
381,531,131,Black
382,833,405,Black
382,829,285,Black
382,200,176,Black
382,529,129,Black
383,824,390,Black
383,823,280,Blue
383,195,180,Black
383,527,128,Black
384,816,377,Black
384,818,274,Blue
384,189,185,Black
384,526,126,Black
385,810,332,Black
385,181,189,Black
385,525,125,Black
386,802,323,Black
386,170,194,Black
386,521,123,Black
387,793,313,Black
387,164,198,Black
387,519,122,Black
388,784,306,Black
388,155,203,Black
388,518,121,Black
389,772,295,Black
389,144,208,Black
389,516,119,Black
390,760,287,Black
390,132,214,Black
390,515,119,Black
391,748,278,Black
391,122,221,Black
391,514,118,Black
392,734,268,Black
392,108,229,Black
392,512,117,Black
393,722,260,Black
393,95,237,Black
393,511,115,Black
394,77,246,Black
394,710,251,Black
394,510,114,Black
395,64,255,Black
395,701,243,Black
395,509,114,Black
396,55,264,Black
396,691,236,Black
396,508,113,Black
397,46,273,Black
397,681,229,Black
397,507,112,Black
398,37,287,Black
398,673,224,Black
398,506,111,Black
399,30,301,Black
399,664,217,Black
399,505,110,Black
400,24,321,Black
400,657,212,Black
400,504,109,Black
401,19,343,Black
401,650,207,Black
401,502,108,Black
402,10,357,Black
402,642,202,Black
402,501,107,Black
403,637,197,Black
403,501,107,Black
404,631,194,Black
404,500,106,Black
405,625,190,Black
405,499,106,Black
406,620,186,Black
406,499,105,Black
407,614,183,Black
408,610,180,Black
408,496,103,Black
409,605,176,Black
409,496,103,Black
410,846,299,Black
410,601,173,Black
411,839,289,Black
411,598,170,Black
412,832,281,Black
412,594,166,Black
413,826,273,Black
413,590,164,Black
414,820,266,Black
414,585,164,Black
415,815,259,Black
415,581,161,Black
416,808,253,Black
416,576,158,Black
417,800,247,Black
417,573,156,Black
418,790,241,Black
418,572,152,Black
419,780,235,Black
419,596,145,Black
419,562,154,Black
420,770,229,Black
420,565,150,Black
421,759,223,Black
421,561,148,Black
422,747,217,Black
422,554,149,Black
422,585,139,Black
423,735,211,Black
423,556,145,Black
424,725,205,Black
424,549,146,Black
424,581,136,Black
425,717,201,Black
425,581,136,Black
425,547,143,Black
426,709,197,Black
426,576,134,Black
426,544,142,Black
427,701,193,Black
427,542,140,Black
427,570,131,Black
427,344,94,Black
428,693,188,Black
428,541,138,Black
428,343,95,Black
429,686,185,Black
429,569,131,Black
429,539,138,Black
429,342,95,Black
430,679,181,Black
430,536,136,Black
430,341,96,Black
431,672,178,Black
431,533,135,Black
431,341,96,Black
432,666,175,Black
432,532,133,Black
432,340,96,Black
433,660,172,Black
433,530,132,Black
433,558,125,Black
433,340,97,Black
434,654,169,Black
434,528,132,Black
434,338,97,Black
435,648,166,Black
435,527,130,Black
435,337,97,Black
436,643,163,Black
436,525,128,Black
436,337,98,Black
437,672,172,Blue
437,634,159,Black
437,524,127,Black
437,554,119,Black
437,336,97,Black
438,630,157,Black
438,523,126,Black
438,334,99,Black
439,627,155,Black
439,521,125,Black
439,333,98,Black
440,624,153,Black
440,519,123,Black
440,332,99,Black
441,620,152,Black
441,517,122,Black
441,330,100,Black
442,618,150,Black
442,516,121,Black
442,331,101,Black
443,613,148,Black
443,515,119,Black
443,330,102,Black
444,610,146,Black
444,514,118,Black
444,328,102,Black
445,607,144,Black
445,513,117,Black
445,325,102,Black
446,603,143,Black
446,512,116,Black
446,325,103,Black
447,600,141,Black
447,511,115,Black
447,323,104,Black
448,596,139,Black
448,511,114,Black
448,322,105,Black
449,594,137,Black
449,510,114,Black
449,321,106,Black
450,590,136,Black
450,511,113,Black
450,320,107,Black
451,586,134,Black
451,509,112,Black
451,318,108,Black
452,582,132,Black
452,508,111,Black
452,318,109,Black
453,845,295,Black
453,580,131,Black
453,507,111,Black
453,316,110,Black
454,837,285,Black
454,578,130,Black
454,506,110,Black
454,315,111,Black
455,830,277,Black
455,575,128,Black
455,506,110,Black
455,313,111,Black
456,824,270,Black
456,573,127,Black
456,311,113,Black
456,505,109,Black
457,818,263,Black
457,570,125,Black
457,310,113,Black
457,504,108,Black
458,812,257,Black
458,568,124,Black
458,308,114,Black
458,503,107,Black
459,806,250,Black
459,566,123,Black
459,308,115,Black
459,503,107,Black
460,799,244,Black
460,564,122,Black
460,304,116,Black
460,503,106,Black
461,788,238,Black
461,561,121,Black
461,302,117,Black
461,501,105,Black
462,778,232,Black
462,560,120,Black
462,300,119,Black
463,768,226,Black
463,557,118,Black
463,296,119,Black
463,502,105,Black
464,756,220,Black
464,555,117,Black
464,295,121,Black
465,745,214,Black
465,293,122,Black
465,554,116,Black
466,732,208,Black
466,290,123,Black
466,552,115,Black
467,723,203,Black
467,289,124,Black
467,551,114,Black
468,714,199,Black
468,286,126,Black
468,550,113,Black
469,706,194,Black
469,284,127,Black
469,548,112,Black
469,52,43,Blue
470,698,190,Black
470,281,129,Black
470,546,111,Black
471,690,186,Black
471,279,130,Black
471,544,110,Black
472,683,182,Black
472,275,131,Black
472,543,110,Black
472,45,43,Blue
473,676,178,Black
473,272,133,Black
473,541,108,Black
474,669,175,Black
474,266,134,Black
474,540,108,Black
475,663,172,Black
475,265,137,Black
475,538,107,Black
476,657,169,Black
476,262,139,Black
476,537,106,Black
477,651,166,Black
477,259,141,Black
477,536,105,Black
478,645,163,Black
478,255,143,Black
478,535,105,Black
479,640,160,Black
479,251,146,Black
479,534,105,Black
480,673,171,Blue
480,631,156,Black
480,248,148,Black
480,532,104,Black
481,627,154,Black
481,243,150,Black
481,532,104,Black
482,625,153,Black
482,239,153,Black
482,530,103,Black
483,234,156,Black
483,622,151,Black
483,529,102,Black
484,229,158,Black
484,618,149,Black
484,528,101,Black
485,224,161,Black
485,613,147,Black
485,527,101,Black
486,260,171,White
486,214,163,Black
486,610,145,Black
486,526,100,Black
487,842,303,Black
487,211,168,Black
487,607,143,Black
487,525,100,Black
488,833,294,Black
488,205,171,Black
488,603,142,Black
488,524,99,Black
489,826,285,Black
489,200,175,Black
489,600,140,Black
489,523,99,Black
490,819,278,Black
490,194,179,Black
490,597,138,Black
490,522,98,Black
491,812,270,Black
491,186,183,Black
491,593,137,Black
491,521,98,Black
492,804,262,Black
492,178,187,Black
492,590,135,Black
492,520,97,Black
493,793,256,Black
493,170,192,Black
493,586,133,Black
493,519,97,Black
494,782,248,Black
494,161,196,Black
494,582,131,Black
494,518,96,Black
495,770,240,Black
495,151,202,Black
495,579,130,Black
495,517,96,Black
496,755,232,Black
496,141,207,Black
496,577,128,Black
496,517,96,Black
497,741,225,Black
497,129,213,Black
497,574,127,Black
497,516,95,Black
498,728,218,Black
498,117,220,Black
498,572,126,Black
498,515,95,Black
499,716,211,Black
499,104,228,Black
499,570,125,Black
499,514,95,Black
500,91,235,Black
500,708,206,Black
500,568,124,Black
500,513,94,Black
501,76,244,Black
501,700,201,Black
501,565,123,Black
501,513,94,Black
502,843,242,Black
502,66,251,Black
502,692,197,Black
502,564,122,Black
502,512,94,Black
503,837,236,Black
503,59,260,Black
503,683,192,Black
503,562,121,Black
504,51,268,Black
504,832,229,Black
504,675,188,Black
504,559,120,Black
505,42,278,Black
505,826,224,Black
505,668,184,Black
505,558,119,Black
505,368,95,Black
506,33,290,Black
506,821,219,Black
506,661,180,Black
506,554,117,Black
506,367,96,Black
507,27,302,Black
507,815,215,Black
507,655,177,Black
507,554,117,Black
507,366,97,Black
508,23,326,Black
508,10,269,Black
508,806,211,Black
508,649,173,Black
508,552,115,Black
508,365,97,Black
509,16,333,Black
509,796,207,Black
509,641,169,Black
509,551,114,Black
509,364,97,Black
510,9,346,Black
510,786,202,Black
510,635,166,Black
510,549,114,Black
510,364,98,Black
511,776,198,Black
511,629,163,Black
511,547,112,Black
511,363,99,Black
512,766,194,Black
512,624,160,Black
512,545,112,Black
512,362,100,Black
513,755,189,Black
513,620,158,Black
513,544,111,Black
513,361,101,Black
514,744,184,Black
514,617,156,Black
514,542,110,Black
514,359,100,Black
515,735,181,Black
515,613,153,Black
515,541,109,Black
515,359,103,Black
516,727,178,Black
516,609,151,Black
516,539,109,Black
516,358,104,Black
517,718,174,Black
517,606,150,Black
517,538,108,Black
517,356,101,Black
518,709,171,Black
518,602,147,Black
518,356,105,Black
518,537,107,Black
519,703,168,Black
519,597,146,Black
519,355,106,Black
519,535,106,Black
520,696,165,Black
520,594,144,Black
520,354,107,Black
520,534,106,Black
521,689,162,Black
521,589,142,Black
521,353,108,Black
521,533,105,Black
522,683,159,Black
522,586,140,Black
522,351,109,Black
522,532,104,Black
523,678,157,Black
523,581,137,Black
523,350,110,Black
523,530,104,Black
524,672,154,Black
524,579,136,Black
524,349,111,Black
524,529,103,Black
525,666,152,Black
525,576,134,Black
525,347,112,Black
525,528,102,Black
526,661,150,Black
526,574,133,Black
526,346,113,Black
526,527,102,Black
527,656,148,Black
527,572,131,Black
527,345,114,Black
527,526,101,Black
528,652,145,Black
528,569,129,Black
528,346,116,Black
528,525,100,Black
529,647,143,Black
529,566,127,Black
529,343,117,Black
529,524,100,Black
530,643,142,Black
530,564,127,Black
530,341,118,Black
530,523,99,Black
531,638,140,Black
531,563,125,Black
531,339,119,Black
531,522,99,Black
532,634,138,Black
532,560,124,Black
532,338,120,Black
532,521,98,Black
533,631,137,Black
533,558,122,Black
533,337,122,Black
533,520,98,Black
534,627,135,Black
534,335,124,Black
534,555,121,Black
534,519,98,Black
535,623,134,Black
535,334,125,Black
535,553,120,Black
535,338,97,Black
535,518,97,Black
536,621,132,Black
536,332,127,Black
536,552,119,Black
536,337,97,Black
536,517,97,Black
537,617,131,Black
537,331,129,Black
537,550,118,Black
537,335,98,Black
537,516,96,Black
538,613,129,Black
538,329,130,Black
538,548,117,Black
538,334,98,Black
538,515,96,Black
539,326,132,Black
539,610,128,Black
539,546,116,Black
539,333,98,Black
539,514,95,Black
540,323,134,Black
540,608,127,Black
540,545,114,Black
540,332,100,Black
540,514,95,Black
541,319,135,Black
541,605,126,Black
541,544,113,Black
541,331,100,Black
541,513,95,Black
542,317,137,Black
542,602,125,Black
542,542,112,Black
542,331,100,Black
542,512,94,Black
543,316,140,Black
543,600,124,Black
543,540,111,Black
543,329,102,Black
543,512,94,Black
543,50,41,Blue
544,315,142,Black
544,596,122,Black
544,539,111,Black
544,328,101,Black
544,511,94,Black
544,48,41,Blue
545,312,145,Black
545,594,121,Black
545,537,110,Black
545,327,102,Black
545,511,94,Black
545,45,41,Black
546,309,148,Black
546,591,120,Black
546,536,109,Black
546,326,104,Black
546,510,93,Black
546,44,41,Blue
547,306,151,Black
547,589,119,Black
547,534,109,Black
547,325,103,Black
547,41,41,Blue
548,302,154,Black
548,586,117,Black
548,533,108,Black
548,323,104,Black
548,39,41,Blue
549,298,156,Black
549,584,117,Black
549,532,107,Black
549,322,105,Black
549,37,41,Blue
550,295,159,Black
550,582,116,Black
550,531,107,Black
550,320,106,Black
551,291,162,Black
551,580,115,Black
551,529,106,Black
551,319,106,Black
552,287,165,Black
552,578,114,Black
552,529,106,Black
552,318,108,Black
552,361,98,Black
553,279,168,Black
553,576,114,Black
553,528,105,Black
553,316,108,Black
553,359,98,Black
554,278,173,Black
554,574,113,Black
554,315,109,Black
554,526,104,Black
554,359,100,Black
554,24,41,Blue
555,274,177,Black
555,572,112,Black
555,313,110,Black
555,525,103,Black
555,359,100,Black
555,21,41,Blue
556,270,182,Black
556,570,112,Black
556,312,112,Black
556,524,103,Black
556,358,101,Black
556,19,41,Blue
557,264,186,Black
557,566,110,Black
557,310,112,Black
557,523,102,Black
557,357,101,Black
558,258,191,Black
558,308,115,Black
558,563,110,Black
558,523,101,Black
558,356,102,Black
559,252,196,Black
559,562,110,Black
559,306,114,Black
559,522,101,Black
559,355,103,Black
559,8,42,Blue
560,244,202,Black
560,305,115,Black
560,559,110,Black
560,354,103,Black
560,521,100,Black
560,9,41,Blue
561,238,207,Black
561,303,116,Black
561,560,107,Black
561,353,104,Black
561,519,100,Black
562,229,214,Black
562,302,117,Black
562,557,107,Black
562,352,105,Black
562,519,99,Black
563,220,221,Black
563,299,118,Black
563,556,106,Black
563,351,106,Black
564,209,229,Black
564,298,120,Black
564,556,105,Black
564,350,106,Black
565,200,239,Black
565,297,121,Black
565,349,107,Black
565,554,104,Black
566,187,248,Black
566,294,122,Black
566,348,108,Black
566,553,104,Black
567,173,259,Black
567,292,123,Black
567,347,110,Black
567,552,103,Black
568,157,271,Black
568,289,124,Black
568,345,110,Black
568,550,103,Black
569,178,308,Blue
569,213,291,Blue
569,137,282,Black
569,288,126,Black
569,345,112,Black
569,549,102,Black
570,116,300,Black
570,285,128,Black
570,343,112,Black
570,548,101,Black
571,101,320,Black
571,281,128,Black
571,342,113,Black
571,547,101,Black
572,82,340,Black
572,279,129,Black
572,341,115,Black
572,545,100,Black
573,68,357,Black
573,275,131,Black
573,340,116,Black
573,544,99,Black
574,81,421,Black
574,53,371,Black
574,273,133,Black
574,338,117,Black
574,542,99,Black
575,68,438,Black
575,844,411,Black
575,108,387,Black
575,33,384,Black
575,269,135,Black
575,337,118,Black
575,541,99,Black
576,57,450,Black
576,834,388,Black
576,21,404,Black
576,267,136,Black
576,336,119,Black
576,540,99,Black
577,37,465,Black
577,10,447,Black
577,824,373,Black
577,265,138,Black
577,335,120,Black
577,538,98,Black
578,818,363,Black
578,262,139,Black
578,333,122,Black
578,537,98,Black
579,810,350,Black
579,259,143,Black
579,332,123,Black
579,536,97,Black
580,800,337,Black
580,256,144,Black
580,330,124,Black
580,536,96,Black
581,790,325,Black
581,252,146,Black
581,329,126,Black
581,534,96,Black
582,778,313,Black
582,249,148,Black
582,327,127,Black
582,533,95,Black
583,769,472,White
583,764,301,Black
583,244,151,Black
583,326,129,Black
583,532,95,Black
584,751,457,Blue
584,748,288,Black
584,240,153,Black
584,324,131,Black
585,735,445,Blue
585,735,279,Black
585,235,155,Black
585,322,132,Black
586,728,434,Blue
586,721,268,Black
586,230,157,Black
586,320,134,Black
587,724,424,Black
587,708,259,Black
587,226,160,Black
587,317,135,Black
588,717,416,Black
588,697,250,Black
588,219,163,Black
588,315,137,Black
589,709,402,Black
589,684,241,Black
589,213,165,Black
589,313,139,Black
590,693,380,Black
590,674,234,Black
590,209,169,Black
590,311,140,Black
591,676,359,Black
591,666,228,Black
591,203,172,Black
591,309,143,Black
592,661,341,Black
592,656,222,Black
592,198,176,Black
592,307,145,Black
593,648,325,Black
593,649,215,Black
593,191,179,Black
593,305,147,Black
594,637,310,Black
594,642,210,Black
594,184,183,Black
594,302,151,Black
595,625,297,Black
595,636,205,Black
595,177,188,Black
595,299,153,Black
595,337,97,Black
596,615,284,Black
596,629,200,Black
596,168,192,Black
596,296,155,Black
596,337,97,Black
597,606,273,Black
597,624,195,Black
597,159,197,Black
597,292,158,Black
598,597,263,Black
598,150,201,Black
598,617,191,Black
598,288,160,Black
598,334,100,Black
599,590,254,Black
599,140,207,Black
599,612,187,Black
599,285,163,Black
599,334,99,Black
600,583,244,Black
600,129,212,Black
600,607,184,Black
600,281,166,Black
600,333,100,Black
601,578,238,Black
601,117,218,Black
601,601,179,Black
601,277,169,Black
602,572,230,Black
602,103,224,Black
602,597,175,Black
602,272,172,Black
602,331,102,Black
603,154,240,White
603,89,233,Black
603,565,224,Black
603,270,177,Black
603,592,173,Black
603,329,102,Black
604,77,240,Black
604,559,217,Black
604,265,180,Black
604,587,170,Black
604,328,102,Black
605,62,249,Black
605,554,212,Black
605,260,185,Black
605,583,167,Black
605,326,104,Black
606,52,257,Black
606,551,206,Black
606,255,190,Black
606,579,164,Black
606,326,105,Black
607,44,265,Black
607,548,202,Black
607,249,194,Black
607,573,161,Black
607,325,105,Black
607,401,77,Black
608,757,465,Black
608,34,273,Black
608,243,199,Black
608,545,197,Black
608,571,158,Black
608,323,106,Black
608,401,77,Black
609,744,452,Black
609,28,284,Black
609,236,204,Black
609,541,193,Black
609,568,156,Black
609,323,105,Black
609,401,77,Black
610,732,440,Black
610,20,300,Black
610,230,209,Black
610,537,188,Black
610,569,155,Black
610,321,107,Black
611,723,429,Black
611,14,325,Black
611,222,215,Black
611,534,184,Black
611,566,153,Black
611,320,108,Black
612,719,420,Black
612,7,338,Black
612,215,222,Black
612,529,180,Black
612,563,152,Black
612,319,108,Black
613,705,401,Black
613,205,229,Black
613,527,176,Black
613,560,147,Black
613,318,108,Black
614,769,388,White
614,684,378,Black
614,195,238,Black
614,525,173,Black
614,556,147,Black
614,316,110,Black
615,754,372,White
615,667,357,Black
615,185,247,Black
615,522,169,Black
615,553,144,Black
615,315,110,Black
616,655,339,Black
616,174,256,Black
616,519,166,Black
616,551,142,Black
616,313,110,Black
617,644,324,Black
617,162,267,Black
617,516,164,Black
617,548,140,Black
617,312,112,Black
618,632,309,Black
618,148,278,Black
618,513,161,Black
618,546,138,Black
618,311,113,Black
619,621,295,Black
619,130,291,Black
619,512,158,Black
619,544,137,Black
619,308,113,Black
620,110,307,Black
620,611,284,Black
620,511,156,Black
620,541,137,Black
620,307,114,Black
621,90,325,Black
621,603,272,Black
621,509,154,Black
621,539,135,Black
621,306,115,Black
622,76,339,Black
622,595,263,Black
622,508,152,Black
622,539,135,Black
622,304,117,Black
623,62,357,Black
623,587,253,Black
623,506,149,Black
623,537,133,Black
623,302,116,Black
624,51,374,Black
624,580,245,Black
624,504,147,Black
624,535,132,Black
624,301,117,Black
625,41,396,Black
625,574,237,Black
625,502,145,Black
625,534,131,Black
625,298,118,Black
626,53,450,Black
626,20,405,Black
626,567,230,Black
626,501,143,Black
626,532,129,Black
626,297,119,Black
627,35,464,Black
627,12,442,Black
627,561,222,Black
627,529,128,Black
627,499,141,Black
627,295,120,Black
628,556,216,Black
628,527,127,Black
628,498,139,Black
628,293,121,Black
629,553,211,Black
629,495,137,Black
629,291,122,Black
630,550,205,Black
630,493,135,Black
630,288,124,Black
630,523,121,Black
631,546,200,Black
631,491,133,Black
631,286,125,Black
631,520,121,Black
632,543,196,Black
632,491,131,Black
632,284,126,Black
632,520,119,Black
633,540,192,Black
633,491,131,Black
633,282,128,Black
633,517,118,Black
634,535,187,Black
634,279,129,Black
634,490,129,Black
634,517,116,Black
635,532,183,Black
635,276,130,Black
635,488,128,Black
635,516,117,Black
636,530,179,Black
636,274,132,Black
636,488,126,Black
637,526,176,Black
637,271,133,Black
637,486,125,Black
638,523,172,Black
638,268,135,Black
638,485,124,Black
639,521,169,Black
639,265,137,Black
639,484,123,Black
640,519,166,Black
640,263,138,Black
640,483,121,Black
641,515,164,Black
641,261,141,Black
641,482,120,Black
641,843,46,Black
642,514,162,Black
642,256,142,Black
642,481,120,Black
642,842,46,Black
643,512,158,Black
643,253,144,Black
643,479,118,Black
643,841,46,Black
644,845,236,White
644,511,156,Black
644,250,147,Black
644,479,118,Black
644,840,46,Black
645,838,231,White
645,510,154,Black
645,246,149,Black
645,479,117,Black
645,391,96,Black
645,836,46,Black
646,834,227,White
646,508,152,Black
646,242,151,Black
646,478,115,Black
646,391,96,Black
646,834,46,Black
647,837,408,Black
647,827,222,White
647,237,153,Black
647,506,149,Black
647,477,114,Black
647,391,97,Black
647,831,47,Black
648,826,389,Black
648,820,217,White
648,234,155,Black
648,504,148,Black
648,476,113,Black
648,390,97,Black
648,829,46,Black
649,817,375,Black
649,815,213,White
649,229,158,Black
649,503,145,Black
649,476,112,Black
649,390,97,Black
649,827,46,Black
650,811,364,Black
650,805,210,White
650,224,160,Black
650,502,144,Black
650,475,111,Black
650,389,98,Black
650,825,46,Black
651,802,349,Black
651,795,205,White
651,219,163,Black
651,500,141,Black
651,474,110,Black
651,389,99,Black
651,823,46,Black
652,792,334,Black
652,785,201,White
652,213,166,Black
652,498,140,Black
652,473,110,Black
652,389,99,Black
652,822,46,Black
653,782,324,Black
653,776,196,White
653,208,169,Black
653,497,138,Black
653,473,109,Black
653,389,98,Black
653,819,46,Black
654,770,311,Black
654,765,191,White
654,203,172,Black
654,495,136,Black
654,471,108,Black
654,389,98,Black
654,817,46,Black
655,753,298,Black
655,755,187,White
655,198,176,Black
655,493,135,Black
655,469,106,Black
655,388,99,Black
655,816,46,Black
656,738,285,Black
656,744,183,White
656,191,179,Black
656,493,133,Black
656,470,106,Black
656,388,100,Black
657,725,276,Black
657,736,179,White
657,185,182,Black
657,492,131,Black
657,469,105,Black
657,388,100,Black
658,709,265,Black
658,178,186,Black
658,727,175,White
658,491,130,Black
658,470,105,Black
658,387,101,Black
659,700,257,Black
659,170,190,Black
659,720,173,White
659,490,129,Black
659,468,104,Black
659,386,101,Black
660,687,247,Black
660,161,194,Black
660,714,169,White
660,489,127,Black
660,468,103,Black
660,386,101,Black
661,677,239,Black
661,153,199,Black
661,706,167,White
661,487,126,Black
661,467,102,Black
661,386,102,Black
662,666,233,Black
662,144,204,Black
662,700,163,White
662,487,125,Black
662,467,102,Black
662,385,103,Black
663,658,226,Black
663,134,209,Black
663,692,161,White
663,486,124,Black
663,467,101,Black
663,384,103,Black
664,648,219,Black
664,122,215,Black
664,687,158,White
664,484,122,Black
664,467,102,Black
664,385,104,Black
665,111,221,Black
665,641,214,Black
665,679,155,White
665,484,121,Black
665,466,100,Black
665,384,105,Black
666,100,227,Black
666,635,209,Black
666,674,153,White
666,482,120,Black
666,466,100,Black
666,383,105,Black
667,87,234,Black
667,629,205,Black
667,667,150,White
667,481,119,Black
667,465,99,Black
667,382,106,Black
668,74,242,Black
668,622,199,Black
668,663,149,White
668,481,118,Black
668,465,100,Black
668,382,107,Black
669,61,250,Black
669,616,195,Black
669,658,147,White
669,480,117,Black
669,464,97,Black
669,382,107,Black
670,51,257,Black
670,610,190,Black
670,652,144,White
670,479,116,Black
670,464,98,Black
670,381,108,Black
671,42,264,Black
671,603,186,Black
671,647,142,White
671,479,115,Black
671,381,109,Black
671,463,97,Black
672,35,273,Black
672,599,183,Black
672,642,140,White
672,479,115,Black
672,381,110,Black
672,462,96,Black
673,29,282,Black
673,594,178,Black
673,639,138,White
673,476,113,Black
673,380,111,Black
674,20,292,Black
674,589,174,Black
674,634,136,White
674,478,113,Black
674,379,113,Black
674,462,96,Black
675,13,307,Black
675,585,171,Black
675,635,135,Black
675,379,114,Black
676,7,324,Black
676,580,169,Black
676,629,133,Blue
676,378,115,Black
677,576,166,Black
677,624,131,White
677,377,116,Black
678,571,163,Black
678,619,131,Blue
678,376,117,Black
678,467,102,Black
679,568,160,Black
679,612,125,White
679,374,125,Black
679,383,102,Black
680,565,158,Black
680,612,127,White
680,376,120,Black
681,562,155,Black
681,609,128,Black
681,373,128,Black
681,382,103,Black
681,467,101,Black
682,560,153,Black
682,609,125,Blue
682,371,130,Black
682,382,104,Black
682,466,101,Black
683,557,150,Black
683,371,131,Black
683,604,125,Black
683,381,105,Black
683,467,102,Black
684,553,149,Black
684,370,133,Black
684,470,103,Black
684,380,105,Black
684,322,91,Black
685,552,148,Black
685,369,135,Black
685,380,106,Black
685,469,103,Black
686,549,145,Black
686,368,136,Black
686,379,107,Black
686,468,102,Black
687,546,143,Black
687,367,138,Black
687,593,119,Black
687,379,108,Black
687,467,101,Black
688,544,141,Black
688,365,140,Black
688,378,109,Black
688,468,101,Black
688,318,94,Black
689,364,142,Black
689,543,139,Black
689,377,110,Black
689,468,100,Black
690,362,143,Black
690,541,138,Black
690,376,111,Black
690,468,101,Black
691,361,145,Black
691,537,136,Black
691,376,111,Black
691,467,99,Black
691,316,96,Black
692,360,147,Black
692,534,133,Black
692,375,112,Black
692,466,99,Black
693,359,150,Black
693,533,133,Black
693,374,113,Black
693,466,99,Black
693,314,97,Black
694,358,152,Black
694,531,132,Black
694,375,115,Black
694,313,98,Black
695,357,155,Black
695,528,130,Black
695,374,115,Black
695,465,97,Black
695,312,97,Black
696,355,157,Black
696,527,128,Black
696,373,116,Black
696,310,99,Black
696,465,97,Black
697,845,377,Green
697,353,159,Black
697,525,128,Black
697,372,117,Black
697,309,98,Black
698,839,354,Black
698,351,162,Black
698,524,126,Black
698,371,118,Black
698,307,100,Black
698,464,96,Black
699,829,340,Black
699,348,165,Black
699,522,125,Black
699,371,120,Black
699,306,100,Black
700,822,328,Black
700,346,168,Black
700,520,123,Black
700,370,121,Black
700,306,100,Black
700,744,49,Black
701,813,317,Black
701,344,171,Black
701,369,122,Black
701,518,121,Black
701,303,101,Black
702,806,304,Black
702,342,174,Black
702,368,123,Black
702,514,119,Black
702,303,102,Black
703,796,294,Black
703,339,178,Black
703,368,125,Black
703,514,118,Black
703,303,101,Black
703,743,47,Black
704,784,282,Black
704,338,182,Black
704,367,126,Black
704,513,117,Black
704,299,102,Black
704,743,47,Black
705,773,275,Black
705,335,186,Black
705,366,128,Black
705,513,117,Black
705,298,104,Black
705,743,48,Black
706,761,265,Black
706,331,191,Black
706,365,129,Black
706,511,116,Black
706,297,103,Black
706,743,47,Black
707,748,256,Black
707,330,195,Black
707,364,131,Black
707,510,114,Black
707,295,104,Black
708,734,246,Black
708,325,199,Black
708,364,133,Black
708,509,113,Black
708,293,105,Black
709,721,238,Black
709,323,204,Black
709,362,134,Black
709,508,113,Black
709,292,105,Black
710,710,230,Black
710,319,210,Black
710,361,136,Black
710,505,112,Black
710,290,106,Black
711,700,223,Black
711,315,216,Black
711,360,137,Black
711,505,111,Black
711,288,107,Black
712,690,216,Black
712,311,222,Black
712,358,139,Black
712,505,111,Black
712,287,107,Black
712,368,94,Black
713,307,229,Black
713,680,210,Black
713,357,141,Black
713,503,111,Black
713,284,110,Black
713,367,94,Black
714,302,237,Black
714,672,205,Black
714,355,143,Black
714,283,111,Black
714,502,110,Black
714,367,95,Black
715,297,245,Black
715,664,201,Black
715,354,145,Black
715,502,109,Black
715,281,110,Black
715,366,95,Black
716,290,253,Black
716,657,195,Black
716,353,147,Black
716,500,108,Black
716,281,111,Black
716,365,96,Black
717,285,264,Black
717,650,191,Black
717,351,150,Black
717,277,112,Black
717,365,97,Black
718,277,275,Black
718,643,186,Black
718,349,152,Black
718,499,107,Black
718,278,113,Black
718,364,97,Black
719,268,287,Black
719,637,182,Black
719,347,155,Black
719,274,114,Black
719,498,106,Black
719,363,97,Black
720,260,301,Black
720,631,178,Black
720,347,158,Black
720,272,113,Black
720,363,98,Black
721,247,317,Black
721,626,174,Black
721,344,160,Black
721,270,115,Black
721,496,104,Black
721,362,98,Black
722,235,334,Black
722,620,172,Black
722,342,162,Black
722,267,118,Black
722,361,99,Black
723,221,355,Black
723,615,169,Black
723,341,165,Black
723,266,118,Black
723,360,100,Black
724,204,381,Black
724,611,165,Black
724,338,168,Black
724,264,119,Black
724,359,100,Black
725,189,403,Black
725,336,172,Black
725,606,162,Black
725,263,120,Black
725,359,102,Black
726,180,417,Black
726,335,175,Black
726,602,160,Black
726,259,121,Black
726,358,103,Black
727,163,423,Black
727,333,179,Black
727,598,157,Black
727,257,122,Black
727,357,103,Black
727,331,101,Black
728,141,434,Black
728,331,182,Black
728,594,154,Black
728,255,123,Black
728,357,104,Black
728,329,102,Black
729,110,443,Black
729,327,187,Black
729,591,152,Black
729,251,124,Black
729,356,105,Black
730,85,455,Black
730,323,191,Black
730,588,149,Black
730,248,126,Black
730,326,103,Black
730,354,105,Black
731,44,473,White
731,321,196,Black
731,585,147,Black
731,246,128,Black
731,353,106,Black
732,317,201,Black
732,582,145,Black
732,243,129,Black
732,353,107,Black
733,314,206,Black
733,579,143,Black
733,240,130,Black
733,323,106,Black
733,351,108,Black
734,310,211,Black
734,576,141,Black
734,236,132,Black
734,350,109,Black
734,320,107,Black
735,306,216,Black
735,574,139,Black
735,234,134,Black
735,319,108,Black
735,349,109,Black
736,301,222,Black
736,571,137,Black
736,229,134,Black
736,348,110,Black
736,319,107,Black
737,296,229,Black
737,569,135,Black
737,224,135,Black
737,347,111,Black
737,317,107,Black
738,291,237,Black
738,567,133,Black
738,220,137,Black
738,346,112,Black
738,315,107,Black
739,285,244,Black
739,564,132,Black
739,217,139,Black
739,314,111,Black
739,345,113,Black
740,278,254,Black
740,562,130,Black
740,214,140,Black
740,312,112,Black
740,344,113,Black
741,338,274,White
741,266,263,Black
741,211,142,Black
741,559,129,Black
741,342,115,Black
741,310,110,Black
742,333,290,White
742,258,274,Black
742,207,146,Black
742,558,128,Black
742,341,115,Black
742,307,111,Black
743,255,286,Black
743,203,146,Black
743,555,126,Black
743,340,117,Black
743,307,114,Black
744,323,309,White
744,238,300,Black
744,198,148,Black
744,553,124,Black
744,339,118,Black
744,306,115,Black
745,314,327,Red
745,227,315,Black
745,193,151,Black
745,551,123,Black
745,337,120,Black
745,303,114,Black
746,308,346,White
746,213,333,Black
746,188,152,Black
746,550,122,Black
746,337,122,Black
746,302,115,Black
747,300,365,White
747,198,354,Black
747,182,154,Black
747,548,121,Black
747,335,123,Black
747,298,115,Black
748,287,389,Red
748,181,378,Black
748,177,157,Black
748,334,125,Black
748,546,120,Black
748,297,116,Black
749,272,416,Black
749,162,402,Black
749,172,160,Black
749,334,126,Black
749,544,118,Black
749,297,119,Black
749,342,95,Black
750,261,442,Black
750,148,412,Black
750,165,162,Black
750,331,127,Black
750,543,118,Black
750,294,119,Black
750,340,95,Black
751,253,460,Black
751,134,423,Black
751,159,163,Black
751,329,129,Black
751,541,117,Black
751,291,120,Black
752,235,472,Black
752,116,433,Black
752,149,168,Black
752,328,131,Black
752,540,116,Black
752,289,120,Black
752,338,96,Black
753,88,444,Black
753,146,170,Black
753,327,133,Black
753,538,114,Black
753,286,123,Black
753,338,98,Black
754,11,453,Black
754,71,461,Black
754,139,174,Black
754,325,134,Black
754,537,113,Black
754,283,124,Black
754,336,97,Black
755,132,176,Black
755,319,134,Black
755,535,113,Black
755,281,124,Black
755,335,98,Black
756,123,180,Black
756,318,136,Black
756,534,112,Black
756,279,126,Black
756,335,100,Black
757,115,184,Black
757,296,133,Black
757,532,111,Black
757,333,99,Black
758,105,187,Black
758,316,141,Black
758,273,128,Black
758,531,110,Black
758,331,101,Black
759,96,191,Black
759,314,143,Black
759,271,130,Black
759,530,110,Black
759,331,100,Black
760,86,196,Black
760,312,145,Black
760,268,133,Black
760,529,109,Black
760,330,101,Black
761,75,200,Black
761,309,148,Black
761,262,139,Black
761,527,108,Black
761,329,101,Black
762,64,204,Black
762,307,150,Black
762,261,137,Black
762,527,107,Black
762,327,101,Black
763,52,210,Black
763,304,152,Black
763,256,142,Black
763,526,107,Black
763,326,104,Black
764,44,214,Black
764,302,155,Black
764,252,145,Black
764,524,106,Black
764,325,105,Black
765,39,219,Black
765,298,158,Black
765,248,147,Black
765,260,122,Black
765,524,105,Black
765,324,104,Black
766,38,237,Black
766,22,197,Black
766,295,160,Black
766,244,149,Black
766,260,123,Black
766,523,104,Black
766,323,105,Black
767,25,248,Black
767,13,204,Black
767,267,161,Black
767,254,124,Black
767,319,107,Black
767,521,103,Black
768,18,253,Black
768,6,207,Black
768,262,164,Black
768,250,125,Black
768,519,103,Black
768,319,107,Black
769,15,263,Black
769,258,167,Black
769,246,126,Black
769,319,108,Black
769,518,102,Black
770,9,269,Black
770,254,170,Black
770,242,128,Black
770,317,109,Black
770,517,101,Black
771,250,174,Black
771,241,129,Black
771,317,112,Black
771,517,101,Black
772,244,177,Black
772,237,130,Black
772,314,111,Black
772,516,100,Black
773,239,181,Black
773,233,131,Black
773,312,112,Black
773,515,99,Black
774,233,185,Black
774,231,134,Black
774,310,112,Black
774,514,98,Black
775,228,190,Black
775,226,135,Black
775,308,114,Black
775,513,98,Black
776,221,194,Black
776,224,136,Black
776,304,116,Black
776,512,97,Black
777,214,199,Black
777,219,138,Black
777,303,116,Black
777,512,97,Black
778,207,204,Black
778,216,139,Black
778,301,116,Black
778,510,96,Black
779,198,210,Black
779,212,142,Black
779,300,118,Black
779,509,96,Black
780,218,225,Black
780,145,202,Black
780,207,143,Black
780,300,119,Black
780,509,95,Black
781,210,232,Black
781,135,207,Black
781,202,145,Black
781,299,121,Black
781,508,95,Black
782,200,240,Black
782,124,213,Black
782,198,147,Black
782,297,122,Black
783,192,249,Black
783,111,220,Black
783,193,149,Black
783,293,123,Black
783,507,94,Black
784,180,259,Black
784,98,227,Black
784,187,151,Black
784,292,124,Black
785,169,271,Black
785,83,234,Black
785,183,153,Black
785,290,127,Black
786,155,282,Black
786,69,242,Black
786,177,155,Black
786,287,127,Black
787,107,278,Black
787,171,158,Black
787,284,128,Black
788,97,295,Black
788,164,161,Black
788,282,130,Black
789,85,313,Black
789,159,163,Black
789,279,131,Black
790,73,334,Black
790,152,166,Black
790,275,132,Black
791,65,355,Black
791,144,170,Black
791,269,134,Black
792,61,385,Black
792,11,295,Black
792,139,173,Black
792,270,137,Black
793,79,435,Black
793,33,383,Black
793,7,315,Black
793,131,176,Black
793,266,138,Black
794,66,450,Black
794,21,399,Black
794,123,179,Black
794,264,141,Black
795,47,465,Black
795,9,421,Black
795,113,183,Black
795,261,143,Black
796,105,188,Black
796,257,145,Black
797,94,191,Black
797,253,146,Black
798,85,195,Black
798,250,149,Black
799,72,200,Black
799,244,152,Black
800,60,205,Black
800,241,154,Black
801,47,210,Black
801,236,157,Black
802,36,215,Black
802,232,158,Black
803,29,220,Black
803,225,162,Black
804,23,226,Black
804,221,166,Black
805,17,233,Black
805,215,169,Black
806,12,242,Black
806,209,172,Black
807,8,255,Black
807,202,176,Black
808,195,180,Black
809,186,185,Black
810,178,190,Black
811,170,194,Black
812,161,199,Black
813,150,204,Black
814,140,211,Black
815,127,217,Black
816,115,225,Black
817,101,233,Black
818,85,242,Black
819,71,251,Black
820,62,259,Black
821,55,268,Black
822,45,280,Black
823,38,292,Black
824,29,307,Black
825,23,328,Black
826,19,350,Black
827,10,365,Black
829,312,98,Black
831,310,99,Black
832,309,100,Black
833,307,100,Black
834,306,101,Black
835,304,101,Black
836,303,102,Black
837,302,102,Black
838,300,102,Black
839,299,103,Black
840,297,104,Black
841,296,105,Black
842,294,105,Black
843,292,106,Black
844,291,107,Black
845,289,107,Black
846,287,107,Black
847,286,109,Black
848,284,110,Black
849,282,110,Black
849,345,94,Black
850,280,111,Black
851,278,112,Black
851,344,95,Black
852,276,113,Black
852,343,95,Black
853,274,113,Black
853,342,95,Black
854,271,115,Black
854,341,95,Black
855,270,115,Black
855,341,96,Black
856,267,117,Black
856,340,96,Black
857,265,118,Black
857,339,96,Black
858,262,119,Black
858,338,97,Black
859,259,120,Black
859,337,98,Black
860,257,121,Black
860,336,98,Black
861,254,122,Black
861,335,99,Black
862,252,124,Black
862,334,99,Black
863,249,125,Black
863,332,99,Black
864,247,126,Black
864,331,100,Black
865,243,127,Black
865,330,101,Black
866,240,128,Black
866,329,101,Black
867,237,130,Black
867,328,102,Black
868,234,131,Black
868,326,102,Black
869,231,132,Black
869,325,103,Black
870,227,134,Black
870,324,104,Black
871,223,135,Black
871,322,105,Black
872,219,137,Black
872,321,106,Black
873,216,139,Black
873,320,106,Black
874,212,140,Black
874,318,107,Black
875,207,142,Black
875,317,108,Black
876,203,144,Black
876,315,109,Black
877,199,146,Black
877,314,109,Black
878,193,148,Black
878,312,111,Black
879,188,150,Black
879,311,111,Black
880,846,444,Green
880,183,152,Black
880,310,112,Black
881,836,410,Black
881,177,154,Black
881,306,113,Black
882,825,391,Black
882,172,157,Black
882,304,114,Black
883,815,376,Black
883,165,160,Black
883,302,116,Black
884,806,360,Black
884,159,163,Black
884,301,116,Black
885,797,346,Black
885,152,165,Black
885,299,118,Black
886,786,331,Black
886,146,169,Black
886,297,119,Black
887,772,317,Black
887,138,172,Black
887,295,120,Black
888,761,464,Black
888,758,304,Black
888,129,174,Black
888,294,122,Black
889,748,449,Black
889,741,291,Black
889,122,177,Black
889,291,123,Black
890,735,435,Black
890,725,279,Black
890,113,181,Black
890,288,124,Black
891,841,458,Blue
891,719,423,Black
891,710,268,Black
891,103,185,Black
891,286,125,Black
892,717,413,Black
892,697,258,Black
892,93,189,Black
892,283,127,Black
893,708,397,Black
893,684,247,Black
893,82,194,Black
893,281,128,Black
894,689,373,Black
894,672,239,Black
894,70,198,Black
894,278,130,Black
894,333,99,Black
894,388,97,Black
895,671,350,Black
895,660,231,Black
895,58,203,Black
895,275,131,Black
895,386,97,Black
895,333,97,Black
896,657,332,Black
896,650,223,Black
896,46,209,Black
896,269,133,Black
896,330,100,Black
896,387,98,Black
897,843,329,Black
897,644,317,Black
897,641,216,Black
897,37,213,Black
897,266,135,Black
897,385,98,Black
897,329,99,Black
898,835,313,Black
898,631,301,Black
898,31,219,Black
898,632,210,Black
898,263,137,Black
898,385,98,Black
898,329,99,Black
899,826,300,Black
899,620,286,Black
899,24,223,Black
899,625,204,Black
899,262,140,Black
899,385,100,Black
899,328,100,Black
900,818,289,Black
900,610,275,Black
900,17,229,Black
900,619,199,Black
900,259,141,Black
900,384,100,Black
900,327,100,Black
901,810,278,Black
901,601,264,Black
901,11,238,Black
901,612,194,Black
901,255,144,Black
901,385,101,Black
901,325,101,Black
902,8,251,Black
902,802,270,Black
902,596,235,Black
902,250,147,Black
902,384,102,Black
902,324,102,Black
903,794,261,Black
903,588,227,Black
903,246,149,Black
903,383,102,Black
903,322,103,Black
904,838,223,Black
904,783,253,Black
904,582,220,Black
904,242,152,Black
904,382,104,Black
904,321,104,Black
905,780,243,Black
905,576,214,Black
905,237,154,Black
905,382,104,Black
905,320,105,Black
906,777,235,Black
906,570,207,Black
906,232,157,Black
906,381,106,Black
906,318,106,Black
907,767,226,Black
907,565,201,Black
907,227,160,Black
907,380,106,Black
907,317,107,Black
908,759,220,Black
908,560,196,Black
908,221,163,Black
908,380,108,Black
908,316,107,Black
909,746,213,Black
909,555,191,Black
909,216,167,Black
909,380,108,Black
909,314,109,Black
910,732,207,Black
910,209,170,Black
910,552,187,Black
910,377,109,Black
910,312,109,Black
911,722,202,Black
911,204,174,Black
911,548,182,Black
911,378,110,Black
911,310,111,Black
912,711,197,Black
912,196,178,Black
912,544,178,Black
912,377,111,Black
912,309,112,Black
913,703,192,Black
913,190,182,Black
913,541,174,Black
913,377,112,Black
913,307,113,Black
914,693,187,Black
914,182,187,Black
914,538,170,Black
914,376,113,Black
914,305,114,Black
915,685,183,Black
915,174,191,Black
915,535,167,Black
915,376,115,Black
915,303,115,Black
916,163,196,Black
916,678,179,Black
916,532,164,Black
916,374,115,Black
916,301,116,Black
917,153,202,Black
917,672,175,Black
917,529,160,Black
917,300,118,Black
917,374,116,Black
917,840,51,Black
918,143,207,Black
918,665,171,Black
918,526,157,Black
918,298,119,Black
918,373,117,Black
919,131,213,Black
919,656,168,Black
919,524,155,Black
919,295,120,Black
919,373,118,Black
920,120,220,Black
920,651,165,Black
920,521,152,Black
920,371,120,Black
920,293,122,Black
921,106,228,Black
921,683,162,Black
921,623,161,Black
921,519,150,Black
921,371,121,Black
921,291,123,Black
922,91,236,Black
922,676,159,Black
922,619,158,Black
922,517,148,Black
922,369,122,Black
922,288,124,Black
922,393,95,Black
923,75,245,Black
923,632,157,Black
923,515,145,Black
923,369,124,Black
923,286,125,Black
923,393,96,Black
924,64,253,Black
924,628,154,Black
924,513,144,Black
924,283,127,Black
924,367,125,Black
924,392,96,Black
925,56,262,Black
925,621,150,Black
925,511,141,Black
925,281,129,Black
925,367,126,Black
925,392,97,Black
926,47,270,Black
926,616,149,Black
926,509,139,Black
926,277,130,Black
926,365,127,Black
926,392,97,Black
927,38,282,Black
927,611,146,Black
927,274,132,Black
927,507,138,Black
927,366,129,Black
927,392,98,Black
928,29,294,Black
928,607,144,Black
928,271,133,Black
928,364,131,Black
928,506,135,Black
928,391,99,Black
929,20,310,Black
929,601,143,Black
929,268,135,Black
929,364,133,Black
929,504,134,Black
929,390,99,Black
930,14,336,Black
930,601,140,Black
930,265,137,Black
930,363,134,Black
930,503,132,Black
930,390,100,Black
931,9,342,Black
931,597,138,Black
931,263,140,Black
931,362,136,Black
931,501,131,Black
931,390,101,Black
932,259,141,Black
932,594,137,Black
932,360,137,Black
932,499,128,Black
932,389,102,Black
933,256,144,Black
933,358,139,Black
933,621,135,Black
933,576,134,Black
933,497,127,Black
933,389,102,Black
934,617,137,Black
934,252,146,Black
934,357,140,Black
934,573,132,Black
934,496,125,Black
934,388,103,Black
935,248,148,Black
935,356,143,Black
935,613,131,Black
935,572,131,Black
935,496,124,Black
935,388,103,Black
936,243,150,Black
936,355,144,Black
936,576,130,Black
936,494,123,Black
936,387,104,Black
937,239,153,Black
937,353,146,Black
937,578,129,Black
937,493,122,Black
937,387,105,Black
938,235,156,Black
938,352,148,Black
938,572,128,Black
938,492,120,Black
938,386,106,Black
939,229,159,Black
939,350,151,Black
939,571,125,Black
939,490,119,Black
939,386,107,Black
940,224,161,Black
940,348,154,Black
940,570,124,Black
940,490,118,Black
940,385,107,Black
941,215,164,Black
941,347,156,Black
941,590,127,Black
941,555,123,Black
941,488,117,Black
941,384,108,Black
942,211,167,Black
942,344,160,Black
942,588,126,Black
942,553,121,Black
942,384,109,Black
942,488,115,Black
943,207,171,Black
943,343,162,Black
943,585,125,Black
943,551,120,Black
943,383,110,Black
943,487,114,Black
944,200,175,Black
944,341,165,Black
944,582,123,Black
944,548,118,Black
944,383,111,Black
944,486,113,Black
945,193,179,Black
945,339,167,Black
945,547,117,Black
945,382,112,Black
945,485,112,Black
946,186,184,Black
946,336,171,Black
946,545,116,Black
946,381,113,Black
946,484,112,Black
947,178,188,Black
947,334,174,Black
947,544,115,Black
947,381,115,Black
947,483,111,Black
948,840,419,Black
948,169,193,Black
948,333,178,Black
948,380,115,Black
948,541,114,Black
948,482,110,Black
949,829,397,Black
949,160,198,Black
949,331,182,Black
949,379,117,Black
949,539,113,Black
949,482,109,Black
950,819,381,Black
950,151,203,Black
950,327,186,Black
950,379,118,Black
950,538,113,Black
950,481,108,Black
951,810,368,Black
951,140,209,Black
951,324,191,Black
951,378,119,Black
951,537,112,Black
951,480,107,Black
952,800,353,Black
952,128,215,Black
952,321,196,Black
952,378,120,Black
952,535,111,Black
952,479,107,Black
953,788,338,Black
953,115,222,Black
953,318,200,Black
953,378,122,Black
953,533,110,Black
953,478,106,Black
954,775,324,Black
954,104,230,Black
954,313,205,Black
954,376,123,Black
954,532,109,Black
954,478,105,Black
955,760,310,Black
955,87,238,Black
955,311,210,Black
955,376,124,Black
955,530,109,Black
955,477,104,Black
956,742,297,Black
956,74,246,Black
956,305,216,Black
956,375,126,Black
956,528,107,Black
956,477,103,Black
957,726,284,Black
957,58,256,Black
957,300,222,Black
957,374,127,Black
957,528,107,Black
957,475,103,Black
958,712,272,Black
958,350,238,White
958,48,264,Black
958,291,228,Black
958,374,129,Black
958,527,106,Black
958,475,101,Black
959,39,273,Black
959,698,262,Black
959,289,237,Black
959,373,130,Black
959,525,105,Black
959,474,101,Black
960,30,285,Black
960,685,252,Black
960,285,244,Black
960,372,132,Black
960,524,104,Black
960,474,100,Black
961,22,300,Black
961,673,243,Black
961,276,253,Black
961,372,133,Black
961,522,103,Black
961,474,99,Black
962,15,326,Black
962,339,276,White
962,265,263,Black
962,662,234,Black
962,371,135,Black
962,521,102,Black
962,472,99,Black
963,10,343,Black
963,333,290,White
963,257,276,Black
963,651,226,Black
963,369,136,Black
963,520,102,Black
963,472,98,Black
964,329,299,White
964,247,286,Black
964,641,220,Black
964,368,138,Black
964,519,101,Black
964,471,98,Black
965,324,309,White
965,237,299,Black
965,634,213,Black
965,367,140,Black
965,518,100,Black
965,470,97,Black
966,315,327,White
966,225,315,Black
966,628,207,Black
966,366,141,Black
966,517,99,Black
966,469,97,Black
967,308,347,White
967,211,333,Black
967,622,202,Black
967,365,143,Black
967,516,99,Black
967,463,97,Black
968,301,366,White
968,196,354,Black
968,615,196,Black
968,363,145,Black
968,515,98,Black
968,468,96,Black
969,290,390,White
969,179,379,Black
969,609,192,Black
969,362,147,Black
969,514,97,Black
969,462,96,Black
970,279,417,Red
970,160,401,Black
970,602,187,Black
970,360,149,Black
970,512,96,Black
970,467,95,Black
971,269,443,Red
971,147,410,Black
971,597,183,Black
971,358,151,Black
971,512,96,Black
971,462,95,Black
972,263,457,Red
972,133,421,Black
972,592,178,Black
972,357,154,Black
972,511,95,Black
972,461,95,Black
973,251,472,Red
973,118,431,Black
973,586,174,Black
973,356,156,Black
973,510,95,Black
973,461,95,Black
974,89,443,Blue
974,582,171,Black
974,354,159,Black
974,460,94,Black
974,508,94,Black
975,65,457,White
975,576,167,Black
975,352,162,Black
975,508,93,Black
976,26,477,White
976,572,164,Black
976,350,165,Black
976,507,93,Black
977,348,168,Black
977,569,161,Black
977,506,92,Black
978,846,303,Black
978,346,171,Black
978,565,158,Black
978,506,92,Black
979,837,291,Black
979,344,174,Black
979,563,155,Black
980,830,283,Black
980,341,178,Black
980,560,153,Black
981,826,275,Black
981,339,182,Black
981,557,150,Black
982,818,268,Blue
982,337,186,Black
982,553,148,Black
983,755,463,White
983,813,262,Black
983,334,190,Black
983,550,145,Black
984,743,448,White
984,803,255,Black
984,331,195,Black
984,547,143,Black
984,843,50,Black
985,729,434,White
985,792,248,Black
985,328,200,Black
985,545,141,Black
985,842,50,Black
